<?xml version="1.0" encoding="UTF-8"?>
<project-private xmlns="http://www.netbeans.org/ns/project-private/1">
    <editor-bookmarks xmlns="http://www.netbeans.org/ns/editor-bookmarks/2" lastBookmarkId="0"/>
    <open-files xmlns="http://www.netbeans.org/ns/projectui-open-files/2">
        <group>
            <file>file:/C:/Users/gripe/OneDrive/Escritorio/OBLIGATORIOAED/src/sistemaAutogestion/IObligatorio.java</file>
            <file>file:/C:/Users/gripe/OneDrive/Escritorio/OBLIGATORIOAED/src/sistemaAutogestion/Retorno.java</file>
            <file>file:/C:/Users/gripe/OneDrive/Escritorio/OBLIGATORIOAED/src/sistemaAutogestion/Sistema.java</file>
            <file>file:/C:/Users/gripe/OneDrive/Escritorio/OBLIGATORIOAED/test/sistemaAutogestion/Test2_01CrearSistemaDeGestion.java</file>
            <file>file:/C:/Users/gripe/OneDrive/Escritorio/OBLIGATORIOAED/test/sistemaAutogestion/Test3_01ObtenerUsuario.java</file>
            <file>file:/C:/Users/gripe/OneDrive/Escritorio/OBLIGATORIOAED/test/sistemaAutogestion/Test3_02ListarUsuarios.java</file>
            <file>file:/C:/Users/gripe/OneDrive/Escritorio/OBLIGATORIOAED/src/tads/TADLista/TADLista.java</file>
            <file>file:/C:/Users/gripe/OneDrive/Escritorio/OBLIGATORIOAED/src/tads/TADLista/ILista.java</file>
            <file>file:/C:/Users/gripe/OneDrive/Escritorio/OBLIGATORIOAED/src/tads/TADLista/NodoLista.java</file>
            <file>file:/C:/Users/gripe/OneDrive/Escritorio/OBLIGATORIOAED/src/tads/TADLista/ListaNodos.java</file>
        </group>
    </open-files>
</project-private>
